r_outer,t,C11,C12,C22,C66,E_eff_x,E_eff_y,nu_eff_xy,nu_eff_yx
0.27000000000000013,0.004,2972053.702704732,-176087.3997639814,89611506.92824136,72338.02653357173,2207811.3220092296,66568548.003836446,-0.001965008800766935,-0.059247718035421844
0.27000000000000013,0.006,10063441.562121777,-38567.71909281333,268415767.68722105,225166.47937350345,7475699.446147607,199394570.2819357,-0.00014368648840985913,-0.0038324581958104707
0.27000000000000013,0.008,23770065.39726327,877723.117708129,551294495.1832514,489807.9480450571,17657762.86653843,409533053.564701,0.0015921129729698682,0.03692556596033532
