r_outer,t,C11,C12,C22,C66,E_eff_x,E_eff_y,nu_eff_xy,nu_eff_yx
0.2560000000000001,0.004,1367179.0001107687,-9285.976006487916,20813519.297602218,52811.391315897126,1015618.6857965712,15461471.478218794,-0.00044615117096308114,-0.0067920703914670765
0.2560000000000001,0.006,4479426.272427076,32725.142668202076,83938708.01668623,182045.83334323816,3327573.8023743993,62354468.8123955,0.0003898695064700856,0.007305654938365734
