r_outer,t,C11,C12,C22,C66,E_eff_x,E_eff_y,nu_eff_xy,nu_eff_yx
0.2680000000000001,0.004,2523260.325601805,-69453.5592968378,78903337.82695968,70078.5530283208,1874421.9561613412,58613908.1000272,-0.0008802360104100301,-0.027525324514533763
0.2680000000000001,0.006,8658137.211522363,83337.90205734434,228855223.38086787,217839.6383839943,6431759.071416615,170006737.36864474,0.0003641511905483182,0.009625384770575958
