r_outer,t,C11,C12,C22,C66,E_eff_x,E_eff_y,nu_eff_xy,nu_eff_yx
0.27200000000000013,0.004,3210782.1681780624,-282936.87589628884,95367834.17248192,75093.08895600555,2385152.467789418,70844676.81384373,-0.002966795653391585,-0.08812085687421128
0.27200000000000013,0.006,11071671.224429132,-271397.4898966848,285488841.2745361,230419.2692441175,8224670.052433072,212077424.94679824,-0.0009506413234403775,-0.024512784420283252
0.27200000000000013,0.008,25711034.196444154,670659.8326429741,590103008.287111,506887.17161054583,19099625.403072804,438362234.7275682,0.0011365131565583692,0.026084514046336053
