r_outer,t,C11,C12,C22,C66,E_eff_x,E_eff_y,nu_eff_xy,nu_eff_yx
0.3520000000000002,0.004,22090248.497045245,-4414.891233695274,171663158.14586988,456266.53969322663,16409898.883519327,127521203.1940748,-2.57183386428423e-05,-0.0001998570199102017
0.3520000000000002,0.006,73566020.41030806,-710406.0944561744,458198769.68965745,1345397.0996155182,54649043.73337171,340376228.91231704,-0.0015504321300062404,-0.009656715022695892
0.3520000000000002,0.008,165803716.15788096,-406515.31131637347,877736040.2895335,2999554.2665381576,123168474.86014017,652032487.072225,-0.00046314073099046804,-0.002451786490293638
0.3520000000000002,0.01,317707640.6685921,2860310.2836200944,1414190845.190483,5682544.6626452925,236011390.21095413,1050541770.7129303,0.0020225772874628016,0.009002963471702425
