r_outer,t,C11,C12,C22,C66,E_eff_x,E_eff_y,nu_eff_xy,nu_eff_yx
0.3620000000000002,0.004,4192390.5131511255,285874.39530601393,75180283.20582083,52119.01302389397,3114347.2383408365,55848210.38146691,0.0038025182017920375,0.06818887563294819
0.3620000000000002,0.006,13999966.28733102,872260.0019836841,215202101.29768994,156628.18554029026,10399974.956303047,159864418.10685542,0.0040532132201492,0.062304435888036226
0.3620000000000002,0.008,164988098.95836264,-1858947.739721232,1078924962.4721656,3331325.0563435825,122562587.79764083,801487114.979323,-0.0017229629532917491,-0.011267162610258131
0.3620000000000002,0.01,296336278.5563229,6715183.8118762495,1669893149.5648026,6320064.1997543825,220135521.21326843,1240492053.962425,0.004021325444461114,0.022660687529015906
