r_outer,t,C11,C12,C22,C66,E_eff_x,E_eff_y,nu_eff_xy,nu_eff_yx
0.27400000000000013,0.004,3721258.1223076135,-406874.1635827782,106199516.64183795,80326.7792872684,2764363.1765713706,78891069.50536534,-0.0038312242508125277,-0.10933779657576369
0.27400000000000013,0.006,12442434.919706263,-611178.7766728444,299926497.48760384,238547.34737539038,9242951.65463894,222802540.99079147,-0.002037761857630151,-0.04912051223228524
0.27400000000000013,0.008,29184320.821122184,310675.16783105576,628890612.9643068,527857.2305159095,21679781.181405053,467175883.91634226,0.0004940050963182183,0.01064527661052178
