r_outer,t,C11,C12,C22,C66,E_eff_x,E_eff_y,nu_eff_xy,nu_eff_yx
0.3560000000000002,0.004,23024763.30530218,-2457941.119416756,193097247.61781645,469620.0720491204,17104109.883938767,143443669.65894938,-0.012729032390361062,-0.1067520689279241
0.3560000000000002,0.006,71869153.90601559,-2723971.848890224,509430613.16992235,1440533.0111882181,53388514.330183014,378434169.783371,-0.005347091004092512,-0.03790182158610639
0.3560000000000002,0.008,164353595.3552209,1001447.7349817132,969948232.2124478,3264615.2929231203,122091242.26387842,720532972.5006756,0.0010324754473725007,0.006093251156552207
