r_outer,t,C11,C12,C22,C66,E_eff_x,E_eff_y,nu_eff_xy,nu_eff_yx
0.29400000000000015,0.004,10593797.906498034,-3055456.296286074,67492230.16872972,96110.73580542667,7869678.444827111,50137085.26819922,-0.045271230312696316,-0.2884193490619559
0.29400000000000015,0.006,37203432.04606704,-8809695.452235598,215184002.6741219,319840.9607838734,27636835.23422123,159850973.415062,-0.04094028990425065,-0.23679792341005043
0.29400000000000015,0.008,79582148.9384687,-14905059.596457375,459291978.8279496,690181.2217834635,59118167.78286247,341188327.12933403,-0.03245225321481349,-0.18729149432722236
0.29400000000000015,0.01,151428687.19998053,-20198573.38369402,830066006.0325214,1322075.0297470223,112489881.91998555,616620461.6241589,-0.024333695437351345,-0.13338670338612443
0.29400000000000015,0.012,250986371.1776051,-20267198.64589359,1331599827.197567,2185134.211057083,186447018.58907813,989188443.0610499,-0.015220187200344674,-0.08075019592020773
0.29400000000000015,0.014,383644789.84133565,-13650530.045684332,1946844782.8289008,3435526.5497192713,284993272.45356363,1446227552.9586124,-0.0070116170359761105,-0.03558116884978366
0.29400000000000015,0.016,558310446.7585071,3214899.75885779,2682910419.3551373,4967343.0032336265,414744903.30631965,1993019168.6638167,0.0011982881484468354,0.005758265455219702
